S.No,Unit No,Segment No,Component,Collection Date,Collection Time,Expiry Date,Quantity (ml),Blood Group,HIV 1&2,HBsAg,HCV,Malaria,VDRL,Notes
1001,BB-1001,SEG-1001A,WB/PRC,01/04/2026,10:00 AM,13/05/2026,450,O Pos,Neg,Neg,Neg,Neg,Neg,
1002,BB-1002,SEG-1002A,WB/PRC,01/04/2026,10:30 AM,13/05/2026,450,A Neg,Neg,Neg,Neg,Neg,Neg,
1003,BB-1003,SEG-1003A,FFP,02/04/2026,09:15 AM,02/04/2027,250,B Pos,Neg,Neg,Neg,Neg,Neg,
1004,BB-1004,SEG-1004A,FFP,02/04/2026,11:00 AM,02/04/2027,250,AB Neg,Neg,Neg,Neg,Neg,Neg,
1005,BB-1005,SEG-1005A,PLT,03/04/2026,08:45 AM,08/04/2026,200,O Neg,Neg,Neg,Neg,Neg,Neg,
1006,BB-1006,SEG-1006A,WB/PRC,03/04/2026,02:00 PM,15/05/2026,450,A Pos,Neg,Neg,Neg,Neg,Neg,
1007,BB-1007,SEG-1007A,PLT,04/04/2026,09:00 AM,09/04/2026,200,B Neg,Neg,Neg,Neg,Neg,Neg,
1008,BB-1008,SEG-1008A,WB/PRC,04/04/2026,03:30 PM,16/05/2026,450,AB Pos,Neg,Neg,Neg,Neg,Neg,
1009,BB-1009,SEG-1009A,FFP,05/04/2026,10:00 AM,05/04/2027,250,O Pos,Neg,Neg,Neg,Neg,Neg,Screened twice
1010,BB-1010,SEG-1010A,WB/PRC,05/04/2026,11:30 AM,17/05/2026,450,B Pos,Neg,Neg,Neg,Neg,Neg,
